comment_id,video_id,video_title,comment,cleaned_comment,processed_comment
1,TcMBFSGVi1c,Avengers Endgame Trailer,Furei a boca com espinho de peixe,furei a boca com espinho de peixe,furei boca com espinho de peixe
2,TcMBFSGVi1c,Avengers Endgame Trailer,Sou budista Jesus Cristo,sou budista jesus cristo,sou budista jesus cristo
3,TcMBFSGVi1c,Avengers Endgame Trailer,Is there any chance of iron man returning back in present 🤕,is there any chance of iron man returning back in present ,chance iron man returning back present
4,TcMBFSGVi1c,Avengers Endgame Trailer,TOMORROW. DOOM COMES FOR US ALL.,tomorrow doom comes for us all,tomorrow doom come u
5,TcMBFSGVi1c,Avengers Endgame Trailer,saw this movie again today,saw this movie again today,saw movie today
6,TcMBFSGVi1c,Avengers Endgame Trailer,i’m discovering plot elements watching this trailer years later 😓,im discovering plot elements watching this trailer years later ,im discovering plot element watching trailer year later
7,TcMBFSGVi1c,Avengers Endgame Trailer,doomsday in 10 months,doomsday in  months,doomsday month
8,TcMBFSGVi1c,Avengers Endgame Trailer,I was too young to have known about avengers when this masterpiece came out. I've regretted not being able to watch not even one of the movies of this epic franchise in the theatres...when it came out...with the whole fandom🔥😭🥺 I can only hope doomsday would fill that gap for me😭♥️😔,i was too young to have known about avengers when this masterpiece came out i have regretted not being able to watch not even one of the movies of this epic franchise in the theatreswhen it came outwith the whole fandom i can only hope doomsday would fill that gap for me,young known avenger masterpiece came regretted not able watch not even one movie epic franchise theatreswhen came outwith whole fandom hope doomsday would fill gap
9,TcMBFSGVi1c,Avengers Endgame Trailer,Endgame coming back to cinemas for doomsday I am excited for it,endgame coming back to cinemas for doomsday i am excited for it,endgame coming back cinema doomsday excited
10,TcMBFSGVi1c,Avengers Endgame Trailer,A new Avengers Movie in 2026 :Let's gooo,a new avengers movie in  lets gooo,new avenger movie let gooo
11,TcMBFSGVi1c,Avengers Endgame Trailer,We will return in Avengers Doomsday ❤️‍🩹,we will return in avengers doomsday ,return avenger doomsday
12,TcMBFSGVi1c,Avengers Endgame Trailer,"You just had to be there man, new gen will never understand",you just had to be there man new gen will never understand,man new gen never understand
13,TcMBFSGVi1c,Avengers Endgame Trailer,"A month from now, it would've been 7 years since it was released.",a month from now it wouldve been  years since it was released,month wouldve year since released
14,TcMBFSGVi1c,Avengers Endgame Trailer,I like this one,i like this one,like one
15,TcMBFSGVi1c,Avengers Endgame Trailer,Nahhhhh,nahhhhh,nahhhhh
16,TcMBFSGVi1c,Avengers Endgame Trailer,",,Whatever it takes""- Doom will quote them surely",whatever it takes doom will quote them surely,whatever take doom quote surely
17,TcMBFSGVi1c,Avengers Endgame Trailer,Still hits🎉😢,still hits,still hit
18,TcMBFSGVi1c,Avengers Endgame Trailer,Anyone watching this in 2026?,anyone watching this in ,anyone watching
19,TcMBFSGVi1c,Avengers Endgame Trailer,This kept my attention the entire time,this kept my attention the entire time,kept attention entire time
20,TcMBFSGVi1c,Avengers Endgame Trailer,All the trailers for endgame and infinity war were so good,all the trailers for endgame and infinity war were so good,trailer endgame infinity war good
21,TcMBFSGVi1c,Avengers Endgame Trailer,Avengers Doomsday coming Dec 18🎉 🎉,avengers doomsday coming dec  ,avenger doomsday coming dec
22,TcMBFSGVi1c,Avengers Endgame Trailer,"Aquí los que no son hater de series y películas.
Hater es malo para la salud","aqu los que no son hater de series y pelculas
hater es malo para la salud",aqu los que no son hater de series pelculas hater e malo para la salud
23,TcMBFSGVi1c,Avengers Endgame Trailer,Anyone watching in today 😅❤,anyone watching in today ,anyone watching today
24,TcMBFSGVi1c,Avengers Endgame Trailer,Avengers Doomsday teaser 19 Dec teaser,avengers doomsday teaser  dec teaser,avenger doomsday teaser dec teaser
25,TcMBFSGVi1c,Avengers Endgame Trailer,"10th February 2026
10 months and 7 days to Doomsday
166 Million views 👏","th february 
 months and  days to doomsday
 million views ",th february month day doomsday million view
26,TcMBFSGVi1c,Avengers Endgame Trailer,After all these years ... still goosebumps,after all these years  still goosebumps,year still goosebump
27,TcMBFSGVi1c,Avengers Endgame Trailer,14 March 2026 the Official Avengers Doomsday, march  the official avengers doomsday,march official avenger doomsday
28,TcMBFSGVi1c,Avengers Endgame Trailer,"""Cap, on your left"" is almost 7 yrs ago",cap on your left is almost  yrs ago,cap left almost yr ago
29,TcMBFSGVi1c,Avengers Endgame Trailer,This is recommended for a reason gang,this is recommended for a reason gang,recommended reason gang
30,TcMBFSGVi1c,Avengers Endgame Trailer,7 years later.... The world has changed a lot just since 2019., years later the world has changed a lot just since ,year later world changed lot since
31,TcMBFSGVi1c,Avengers Endgame Trailer,Here before Doomsday.,here before doomsday,doomsday
32,TcMBFSGVi1c,Avengers Endgame Trailer,"It took the Seahawks twice to beat the Patriots, but now it is all over! 10+ years in the making! The demon known as 2015 is all but just a legend now, not a memory any longer! Sam Darnold is Seattle’s Hero!",it took the seahawks twice to beat the patriots but now it is all over  years in the making the demon known as  is all but just a legend now not a memory any longer sam darnold is seattles hero,took seahawks twice beat patriot year making demon known legend not memory longer sam darnold seattle hero
33,TcMBFSGVi1c,Avengers Endgame Trailer,"We're living in the post Corona, AI world now. Uncertain, desperate times. The world has changed.

None of us can go back. All we can do is our best. And sometimes the best we can do, is to start over.","were living in the post corona ai world now uncertain desperate times the world has changed

none of us can go back all we can do is our best and sometimes the best we can do is to start over",living post corona ai world uncertain desperate time world changed none u go back best sometimes best start
34,TcMBFSGVi1c,Avengers Endgame Trailer,Anyone in 2026?,anyone in ,anyone
35,TcMBFSGVi1c,Avengers Endgame Trailer,"8th February 2026 - Super Bowl Day
10 months and 9 days to Doomsday","th february   super bowl day
 months and  days to doomsday",th february super bowl day month day doomsday
36,TcMBFSGVi1c,Avengers Endgame Trailer,Like if you’re ready for the Super Bowl commercial release .,like if youre ready for the super bowl commercial release ,like youre ready super bowl commercial release
37,TcMBFSGVi1c,Avengers Endgame Trailer,Who's watching this in 2026.,whos watching this in ,who watching
38,TcMBFSGVi1c,Avengers Endgame Trailer,Doomsday hype building even in watching this🎉,doomsday hype building even in watching this,doomsday hype building even watching
39,TcMBFSGVi1c,Avengers Endgame Trailer,Primavera strategy jouly no liberty,primavera strategy jouly no liberty,primavera strategy jouly no liberty
40,TcMBFSGVi1c,Avengers Endgame Trailer,São Paulo ret the strategy,so paulo ret the strategy,paulo ret strategy
41,TcMBFSGVi1c,Avengers Endgame Trailer,Primavera strategy geometric,primavera strategy geometric,primavera strategy geometric
42,TcMBFSGVi1c,Avengers Endgame Trailer,São Paulo strategy fight one y two,so paulo strategy fight one y two,paulo strategy fight one two
43,TcMBFSGVi1c,Avengers Endgame Trailer,Primavera strategy is gol,primavera strategy is gol,primavera strategy gol
44,TcMBFSGVi1c,Avengers Endgame Trailer,São Paulo camp hours strategy,so paulo camp hours strategy,paulo camp hour strategy
45,TcMBFSGVi1c,Avengers Endgame Trailer,"Primavera is strategy Internet,",primavera is strategy internet,primavera strategy internet
46,TcMBFSGVi1c,Avengers Endgame Trailer,"São Paulo intelingence few  shut of speed take no the intelingence,",so paulo intelingence few  shut of speed take no the intelingence,paulo intelingence shut speed take no intelingence
47,TcMBFSGVi1c,Avengers Endgame Trailer,"Primavera tecnic four four two  forms , dew no , dew no , dew no , take no intelingence hours  , ret no ret no Primavera fight longer  balistic,  few yes",primavera tecnic four four two  forms  dew no  dew no  dew no  take no intelingence hours   ret no ret no primavera fight longer  balistic  few yes,primavera tecnic four four two form dew no dew no dew no take no intelingence hour ret no ret no primavera fight longer balistic yes
48,TcMBFSGVi1c,Avengers Endgame Trailer,Primavera e São Paulo vamos pontuar no mundial time,primavera e so paulo vamos pontuar no mundial time,primavera e paulo vamos pontuar no mundial time
49,TcMBFSGVi1c,Avengers Endgame Trailer,São Paulo e primavera vamos pontuar no paulistao,so paulo e primavera vamos pontuar no paulistao,paulo e primavera vamos pontuar no paulistao
50,TcMBFSGVi1c,Avengers Endgame Trailer,I just saw this used as a Seahawks Super Bowl hype video on discord and I got legitimate chills even as an Eagles fan,i just saw this used as a seahawks super bowl hype video on discord and i got legitimate chills even as an eagles fan,saw used seahawks super bowl hype video discord got legitimate chill even eagle fan
51,TcMBFSGVi1c,Avengers Endgame Trailer,"6th February 2026
10 months and 11 days to Doomsday","th february 
 months and  days to doomsday",th february month day doomsday
52,TcMBFSGVi1c,Avengers Endgame Trailer,Even Over 6 year later and I still get goosebumps from this trailer,even over  year later and i still get goosebumps from this trailer,even year later still get goosebump trailer
53,TcMBFSGVi1c,Avengers Endgame Trailer,Michael biopic trailer is gonna win this.,michael biopic trailer is gonna win this,michael biopic trailer gonna win
54,TcMBFSGVi1c,Avengers Endgame Trailer,"Whatever it takes, it took a lot...",whatever it takes it took a lot,whatever take took lot
55,TcMBFSGVi1c,Avengers Endgame Trailer,"Now we know the red color in the trailer represent Pym particle and Ironman both, cause the former is the key that the Avengers can do the time travel, and the Ironman solve the problem in the quantium realm.",now we know the red color in the trailer represent pym particle and ironman both cause the former is the key that the avengers can do the time travel and the ironman solve the problem in the quantium realm,know red color trailer represent pym particle ironman cause former key avenger time travel ironman solve problem quantium realm
56,TcMBFSGVi1c,Avengers Endgame Trailer,All old trailers are recommending now why ?,all old trailers are recommending now why ,old trailer recommending
57,TcMBFSGVi1c,Avengers Endgame Trailer,it's hard to believe that this is almost 7 years old already,it is hard to believe that this is almost  years old already,hard believe almost year old already
58,TcMBFSGVi1c,Avengers Endgame Trailer,"3rd February 2026
10 months and 14 days to Doomsday","rd february 
 months and  days to doomsday",rd february month day doomsday
59,TcMBFSGVi1c,Avengers Endgame Trailer,It all leads to Doom…,it all leads to doom,lead doom
60,TcMBFSGVi1c,Avengers Endgame Trailer,Peak Marvel,peak marvel,peak marvel
61,TcMBFSGVi1c,Avengers Endgame Trailer,Welcome back ladies and gentlemen. Never forget that we had our endgame. Let us hope the next generation has its doomsday. Let us hope it gives them as much joy as ours did for us.,welcome back ladies and gentlemen never forget that we had our endgame let us hope the next generation has its doomsday let us hope it gives them as much joy as ours did for us,welcome back lady gentleman never forget endgame let u hope next generation doomsday let u hope give much joy u
62,TcMBFSGVi1c,Avengers Endgame Trailer,Thor activating Stormbreaker,thor activating stormbreaker,thor activating stormbreaker
63,TcMBFSGVi1c,Avengers Endgame Trailer,"1st February 2026
10 months and 16 days to Doomsday","st february 
 months and  days to doomsday",st february month day doomsday
64,TcMBFSGVi1c,Avengers Endgame Trailer,"31st January 2026
10 months and 17 days to Doomsday ⚡","st january 
 months and  days to doomsday ",st january month day doomsday
65,TcMBFSGVi1c,Avengers Endgame Trailer,You know who actually saved everyone? The RAT who stepped on the controls and let Ant-Man out from the quantum world. Think about that one for a moment...,you know who actually saved everyone the rat who stepped on the controls and let antman out from the quantum world think about that one for a moment,know actually saved everyone rat stepped control let antman quantum world think one moment
66,TcMBFSGVi1c,Avengers Endgame Trailer,"Wait a minute ! 😮
I think this is doom day trailer 😅📈","wait a minute  
i think this is doom day trailer ",wait minute think doom day trailer
67,TcMBFSGVi1c,Avengers Endgame Trailer,Viendo el tráiler antes de Avengers Doomsday,viendo el triler antes de avengers doomsday,viendo el triler ante de avenger doomsday
68,TcMBFSGVi1c,Avengers Endgame Trailer,this trailer is so emotional,this trailer is so emotional,trailer emotional
69,TcMBFSGVi1c,Avengers Endgame Trailer,Why didn't they keep this part in 😂 2:17,why did not they keep this part in  ,not keep part
70,TcMBFSGVi1c,Avengers Endgame Trailer,I can't believe this was 6 years ago,i cannot believe this was  years ago,cannot believe year ago
71,TcMBFSGVi1c,Avengers Endgame Trailer,"Kimikiss Pure Rouge, and Dancouga Nova",kimikiss pure rouge and dancouga nova,kimikiss pure rouge dancouga nova
72,TcMBFSGVi1c,Avengers Endgame Trailer,"29th January 2026
10 months and 19 days to Doomsday","th january 
 months and  days to doomsday",th january month day doomsday
73,TcMBFSGVi1c,Avengers Endgame Trailer,"bhai mai begginer hu
is it right to watch from endgame
ye movie addict hai ki nahi like squidgame tell me","bhai mai begginer hu
is it right to watch from endgame
ye movie addict hai ki nahi like squidgame tell me",bhai mai begginer hu right watch endgame ye movie addict hai ki nahi like squidgame tell
74,TcMBFSGVi1c,Avengers Endgame Trailer,Anyone in 2026,anyone in ,anyone
75,TcMBFSGVi1c,Avengers Endgame Trailer,7 years ago is crazy, years ago is crazy,year ago crazy
76,TcMBFSGVi1c,Avengers Endgame Trailer,"Who got recommended 6 years later, Doomsday is coming!!",who got recommended  years later doomsday is coming,got recommended year later doomsday coming
77,TcMBFSGVi1c,Avengers Endgame Trailer,"now, RDJ is back as Doom.",now rdj is back as doom,rdj back doom
78,TcMBFSGVi1c,Avengers Endgame Trailer,"You mess with time it tends to mess back.
Dr Doom is coming.
Messing with time has consequences","you mess with time it tends to mess back
dr doom is coming
messing with time has consequences",mess time tends mess back dr doom coming messing time consequence
79,TcMBFSGVi1c,Avengers Endgame Trailer,"The mood is dark, intense, and beautiful",the mood is dark intense and beautiful,mood dark intense beautiful
80,TcMBFSGVi1c,Avengers Endgame Trailer,Avengers Doomsday 🔥🔥🤯,avengers doomsday ,avenger doomsday
81,TcMBFSGVi1c,Avengers Endgame Trailer,"27th January 2026
10 months and 20 days to Doomsday ⚡","th january 
 months and  days to doomsday ",th january month day doomsday
82,TcMBFSGVi1c,Avengers Endgame Trailer,Who’s here after secret wars came out,whos here after secret wars came out,who secret war came
83,TcMBFSGVi1c,Avengers Endgame Trailer,Ts was my first marvel experience in cinema when I was like 10… nothing has ever beaten this one🫡,ts was my first marvel experience in cinema when i was like  nothing has ever beaten this one,t first marvel experience cinema like nothing ever beaten one
84,TcMBFSGVi1c,Avengers Endgame Trailer,"I would like to rewatch all these MCU movies with my College friends 


Thats not going to happen in this life though","i would like to rewatch all these mcu movies with my college friends 


thats not going to happen in this life though",would like rewatch mcu movie college friend thats not going happen life though
85,TcMBFSGVi1c,Avengers Endgame Trailer,Who is here after 4 doomsday teasers,who is here after  doomsday teasers,doomsday teaser
86,TcMBFSGVi1c,Avengers Endgame Trailer,"AVENGERS END GAME
ออกฉายในปี2019หนังเข้าฉายที่26
เดือนเมษายน พ.ศ.2562
รายชื่อนักแสดงอเวนเจอร์สเผด็จศึก
จอชโบรลินรับบทธานอส
โรเบิร์ตดาวนีย์จูเนียร์รับบทโทนี่สตาร์ค/iron man
คริสเฮมส์เวิร์ธรับบทธอร์
ดาไนกูริร่ารับบทโอโคเย่
บรีลาร์สันรับบทแครอล/captain marvel
แบรดลีย์คูเปอร์รับบทร็อคเก็ตแรคคูน
คริสอีแวนส์รับบทสตีฟโรเจอร์ส/captain america
สการ์เล็ตต์โจแฮนส์สันรับบทนาตาชา/black widow
เจมี่ลีเรนเนอร์รับบทคลินท์บาร์ตัน/hawkeye
ดอนชีเดิลรับบทเจมส์โรดส์/war machine
พอลรัดด์รับบทสก๊อตแลง/ant man
มาร์ครัฟฟาโลรับบทบรูซแบนเนอร์/hulk
แชดวิกโบสแมนรับบททีชาล่า/black panther
แอนโธนี่แม็คกีรับบทแซมวิลสัน/falcon
เบเนดิกต์คัมเบอร์แบตช์รับบทสตีเฟ่นส์/doctor strange
เดฟบอทิสตารับบทแดร๊กซ์เดสทรอยเยอร์
ปอมเกลม็องตีแย็ฟรับบทแมนทิส
คริสแพร็ตต์รับบทปีเตอร์ควิลล์/star lord
เซบาสเตียนสแตนรับบทบัคกี้บาร์นส์
วินดีเซลรับบทgroot
เทสซาธอป์สันรับบทวัลคิรี่
อลิซาเบธโอลเซ่นรับบทแวนด้า/scarlet witch
กวินเน็ธพัลโทรว์รับบทเปปเปอร์พอตส์
เบเนดิดท์หว่องรับบทwong
อีแวนจีไลน์ลิลลี่รับบทthe wasp
โซอี้ซัลดัญญารับบทกาโมร่า
คาเรนกิลแลนรับบทเนบิวล่า
ผู้กำกับแอนโทนีรุสโซและโจรุสโซ","avengers end game

 


iron man


captain marvel

captain america
black widow
hawkeye
war machine
ant man
hulk
black panther
falcon
doctor strange


star lord

groot

scarlet witch

wong
the wasp


",avenger end game iron man captain marvel captain america black widow hawkeye war machine ant man hulk black panther falcon doctor strange star lord groot scarlet witch wong wasp
87,TcMBFSGVi1c,Avengers Endgame Trailer,seeing this in 2026.... doomsday is gonna hit so hard,seeing this in  doomsday is gonna hit so hard,seeing doomsday gonna hit hard
88,TcMBFSGVi1c,Avengers Endgame Trailer,Esse trailer é simplesmente perfeito ❤,esse trailer  simplesmente perfeito ,esse trailer simplesmente perfeito
89,TcMBFSGVi1c,Avengers Endgame Trailer,I can't wait for this movie to come out,i cannot wait for this movie to come out,cannot wait movie come
90,TcMBFSGVi1c,Avengers Endgame Trailer,Tekrar tüylerim diken diken oldu LAĞN!,tekrar tylerim diken diken oldu lan,tekrar tylerim diken diken oldu lan
91,TcMBFSGVi1c,Avengers Endgame Trailer,Seahawks returning to the Super Bowl to play the Patriots again:,seahawks returning to the super bowl to play the patriots again,seahawks returning super bowl play patriot
92,TcMBFSGVi1c,Avengers Endgame Trailer,Doomsday is upon us.,doomsday is upon us,doomsday upon u
93,TcMBFSGVi1c,Avengers Endgame Trailer,"25th January 2026
10 months and 22 days to Doomsday 🔥","th january 
 months and  days to doomsday ",th january month day doomsday
94,TcMBFSGVi1c,Avengers Endgame Trailer,Anybody here January 2026?,anybody here january ,anybody january
95,TcMBFSGVi1c,Avengers Endgame Trailer,"Avengers : whatever it takes 

Chadwick Boseman : it took everything, thanks for the journey","avengers  whatever it takes 

chadwick boseman  it took everything thanks for the journey",avenger whatever take chadwick boseman took everything thanks journey
96,TcMBFSGVi1c,Avengers Endgame Trailer,The Infinity Saga was such an amazing ride. Once in a lifetime thing.,the infinity saga was such an amazing ride once in a lifetime thing,infinity saga amazing ride lifetime thing
97,TcMBFSGVi1c,Avengers Endgame Trailer,"It seems like a thousand years ago... I fought my way out of that cave... became Iron Man... realized I loved you... I know I said no more surprises, but... I was really hoping to pull off one last one.🥲",it seems like a thousand years ago i fought my way out of that cave became iron man realized i loved you i know i said no more surprises but i was really hoping to pull off one last one,seems like thousand year ago fought way cave became iron man realized loved know said no surprise really hoping pull one last one
98,TcMBFSGVi1c,Avengers Endgame Trailer,“Realized I loved you”❤️,realized i loved you,realized loved
99,TcMBFSGVi1c,Avengers Endgame Trailer,Here after all four teasers of Doomsday,here after all four teasers of doomsday,four teaser doomsday
100,TcMBFSGVi1c,Avengers Endgame Trailer,Why it keeps coming in my suggestions again and again 👀👀,why it keeps coming in my suggestions again and again ,keep coming suggestion
101,TcMBFSGVi1c,Avengers Endgame Trailer,What's wrong with my YouTube guy? It says 6 years ago.,whats wrong with my youtube guy it says  years ago,whats wrong youtube guy say year ago
102,TcMBFSGVi1c,Avengers Endgame Trailer,"Heyif ki, buna Sinemada baxa bilmədim. From Baku,Azerbaijan. Rauf Abbasov Ağdamlı, 24 Yanvar saat 01:19-da yazdım bunu.🇦🇿",heyif ki buna sinemada baxa bilmdim from bakuazerbaijan rauf abbasov adaml  yanvar saat da yazdm bunu,heyif ki buna sinemada baxa bilmdim bakuazerbaijan rauf abbasov adaml yanvar saat da yazdm bunu
103,TcMBFSGVi1c,Avengers Endgame Trailer,My favourite superhero ( Iron man 😢,my favourite superhero  iron man ,favourite superhero iron man
104,TcMBFSGVi1c,Avengers Endgame Trailer,Any hawks fans here? Whatever it takes,any hawks fans here whatever it takes,hawk fan whatever take
105,TcMBFSGVi1c,Avengers Endgame Trailer,"22nd January 2026
10 months and 25 days to Doomsday 🔥","nd january 
 months and  days to doomsday ",nd january month day doomsday
106,TcMBFSGVi1c,Avengers Endgame Trailer,7years ago,years ago,year ago
107,TcMBFSGVi1c,Avengers Endgame Trailer,"21st January 2026
10 months and 26 days to Doomsday","st january 
 months and  days to doomsday",st january month day doomsday
108,TcMBFSGVi1c,Avengers Endgame Trailer,“It seems like a thousand years ago” well said Tony. Well said.,it seems like a thousand years ago well said tony well said,seems like thousand year ago well said tony well said
109,TcMBFSGVi1c,Avengers Endgame Trailer,All three we lost said “Whatever it takes” here 😢,all three we lost said whatever it takes here ,three lost said whatever take
110,TcMBFSGVi1c,Avengers Endgame Trailer,I like this one.,i like this one,like one
111,TcMBFSGVi1c,Avengers Endgame Trailer,Billionaire,billionaire,billionaire
112,TcMBFSGVi1c,Avengers Endgame Trailer,Who else saw this and thought it was doomsday?,who else saw this and thought it was doomsday,else saw thought doomsday
113,TcMBFSGVi1c,Avengers Endgame Trailer,Robert D.J we Will return in Avengers doosmday,robert dj we will return in avengers doosmday,robert dj return avenger doosmday
114,TcMBFSGVi1c,Avengers Endgame Trailer,God this trailer wash trash lowkey,god this trailer wash trash lowkey,god trailer wash trash lowkey
115,TcMBFSGVi1c,Avengers Endgame Trailer,"Super advanced men, maybe genetically and bio enhanced humans fighting against a “god.” I see the Bible coming to life here. It is amazing how the average man wont accept the existence of the Lord Jesus Christ and His Word, but even movie creators know what is up and what is coming.",super advanced men maybe genetically and bio enhanced humans fighting against a god i see the bible coming to life here it is amazing how the average man wont accept the existence of the lord jesus christ and his word but even movie creators know what is up and what is coming,super advanced men maybe genetically bio enhanced human fighting god see bible coming life amazing average man wont accept existence lord jesus christ word even movie creator know coming
116,TcMBFSGVi1c,Avengers Endgame Trailer,This trailer haunts me thinking about the world we live in now…. It’s just not the same anymore,this trailer haunts me thinking about the world we live in now its just not the same anymore,trailer haunt thinking world live not anymore
117,TcMBFSGVi1c,Avengers Endgame Trailer,"The cinematic event of an entire generation.
Cinema never reached this height ever again.
Except for Avatar...","the cinematic event of an entire generation
cinema never reached this height ever again
except for avatar",cinematic event entire generation cinema never reached height ever except avatar
118,TcMBFSGVi1c,Avengers Endgame Trailer,1:57 AVENGERS ENDGAME, avengers endgame,avenger endgame
119,TcMBFSGVi1c,Avengers Endgame Trailer,i thoguth it was doomsday trailer until i saw the title cuz it was on my fyp,i thoguth it was doomsday trailer until i saw the title cuz it was on my fyp,thoguth doomsday trailer saw title cuz fyp
120,TcMBFSGVi1c,Avengers Endgame Trailer,"17th January 2026
11 months to Doomsday","th january 
 months to doomsday",th january month doomsday
121,TcMBFSGVi1c,Avengers Endgame Trailer,"Will miss you Toni. The cold billionaire we saw at first sight, Ended up saving the world at the cost of his life leaving behind his everything, Family and all. Love and miss you 3000❤️ in Doomsday will miss you man!!!",will miss you toni the cold billionaire we saw at first sight ended up saving the world at the cost of his life leaving behind his everything family and all love and miss you  in doomsday will miss you man,miss toni cold billionaire saw first sight ended saving world cost life leaving behind everything family love miss doomsday miss man
122,TcMBFSGVi1c,Avengers Endgame Trailer,This was peak Marvel. I don't think anything can top Avengers Infinity War and Avengers Endgame.,this was peak marvel i do not think anything can top avengers infinity war and avengers endgame,peak marvel not think anything top avenger infinity war avenger endgame
123,TcMBFSGVi1c,Avengers Endgame Trailer,"2019: omg we can’t wait for endgame 

2026: omg we can’t wait for doomsday"," omg we cant wait for endgame 

 omg we cant wait for doomsday",omg cant wait endgame omg cant wait doomsday
124,TcMBFSGVi1c,Avengers Endgame Trailer,this trailer still gives me goosebumps!!!🗣️ HOLY hell doomsday is going to be crazy,this trailer still gives me goosebumps holy hell doomsday is going to be crazy,trailer still give goosebump holy hell doomsday going crazy
125,TcMBFSGVi1c,Avengers Endgame Trailer,We're in the endgame now,were in the endgame now,endgame
126,TcMBFSGVi1c,Avengers Endgame Trailer,❤still in my heart.......,still in my heart,still heart
127,TcMBFSGVi1c,Avengers Endgame Trailer,The climactic experience this was. THIS IS CINEMA!,the climactic experience this was this is cinema,climactic experience cinema
128,TcMBFSGVi1c,Avengers Endgame Trailer,It's hard to believe that this trailer almost 6 years old 😢❤,it is hard to believe that this trailer almost  years old ,hard believe trailer almost year old
129,TcMBFSGVi1c,Avengers Endgame Trailer,Youtube recommend 6 years ago teaser...,youtube recommend  years ago teaser,youtube recommend year ago teaser
130,TcMBFSGVi1c,Avengers Endgame Trailer,Who's here after wakandan's teaser ❤🎉,whos here after wakandans teaser ,who wakandans teaser
131,TcMBFSGVi1c,Avengers Endgame Trailer,Who all are waiting for Avengers Doomsday trailer 👇🔥,who all are waiting for avengers doomsday trailer ,waiting avenger doomsday trailer
132,TcMBFSGVi1c,Avengers Endgame Trailer,Anyone today,anyone today,anyone today
133,TcMBFSGVi1c,Avengers Endgame Trailer,idk if it’s just me but this doesn’t seem like a marvel trailer. it just doesn’t make sense,idk if its just me but this doesnt seem like a marvel trailer it just doesnt make sense,idk doesnt seem like marvel trailer doesnt make sense
134,TcMBFSGVi1c,Avengers Endgame Trailer,6 years....., years,year
135,TcMBFSGVi1c,Avengers Endgame Trailer,7 years ago seems wild, years ago seems wild,year ago seems wild
136,TcMBFSGVi1c,Avengers Endgame Trailer,Any body here 2026..?,any body here ,body
137,TcMBFSGVi1c,Avengers Endgame Trailer,This is the times when marvel still have it's charm,this is the times when marvel still have it is charm,time marvel still charm
138,TcMBFSGVi1c,Avengers Endgame Trailer,"Is it just me, or did tbey go back an eisit the trailers? I remember when they first came out, they didn't even give us the title, it juat said ""Avengers""",is it just me or did tbey go back an eisit the trailers i remember when they first came out they did not even give us the title it juat said avengers,tbey go back eisit trailer remember first came not even give u title juat said avenger
139,TcMBFSGVi1c,Avengers Endgame Trailer,WE ARE SO READY FOR THE 5TH of What ever the Rossos meant of it’s not a teaser or trailer..,we are so ready for the th of what ever the rossos meant of its not a teaser or trailer,ready th ever rossos meant not teaser trailer
140,TcMBFSGVi1c,Avengers Endgame Trailer,Anyone today?,anyone today,anyone today
141,TcMBFSGVi1c,Avengers Endgame Trailer,"Who 's here waiting for Avengers Doomsday trailer 
👇🔥💀","who s here waiting for avengers doomsday trailer 
",waiting avenger doomsday trailer
142,TcMBFSGVi1c,Avengers Endgame Trailer,Wait it is just 6 yrs old and we are getting new endgame again 🫨 with tony back,wait it is just  yrs old and we are getting new endgame again  with tony back,wait yr old getting new endgame tony back
143,TcMBFSGVi1c,Avengers Endgame Trailer,It's amazing how they didn't show the fat thor,it is amazing how they did not show the fat thor,amazing not show fat thor
144,TcMBFSGVi1c,Avengers Endgame Trailer,It's been six years already ❤,it is been six years already ,six year already
145,TcMBFSGVi1c,Avengers Endgame Trailer,Anyone today ❤,anyone today ,anyone today
146,TcMBFSGVi1c,Avengers Endgame Trailer,"Anyone today? 

Btw HAPPY SANKRANT🎉","anyone today 

btw happy sankrant",anyone today btw happy sankrant
147,TcMBFSGVi1c,Avengers Endgame Trailer,Recommend this 6 years ago..,recommend this  years ago,recommend year ago
148,TcMBFSGVi1c,Avengers Endgame Trailer,"Who's here after Mbaku, the king of Wakanda?",whos here after mbaku the king of wakanda,who mbaku king wakanda
149,TcMBFSGVi1c,Avengers Endgame Trailer,Rotisserie marvel!,rotisserie marvel,rotisserie marvel
150,TcMBFSGVi1c,Avengers Endgame Trailer,Whos here after berges steelers movie,whos here after berges steelers movie,who berges steelers movie
151,TcMBFSGVi1c,Avengers Endgame Trailer,This trailer sums up how I feel for the Texans playoff game tonight. TEXANS SWARM 🗣 🤘,this trailer sums up how i feel for the texans playoff game tonight texans swarm  ,trailer sum feel texan playoff game tonight texan swarm
152,TcMBFSGVi1c,Avengers Endgame Trailer,1:12 bananas 🥀😭, bananas ,banana
153,TcMBFSGVi1c,Avengers Endgame Trailer,I just got this on my fyp an i thought it was The doomsday trailer.,i just got this on my fyp an i thought it was the doomsday trailer,got fyp thought doomsday trailer
154,TcMBFSGVi1c,Avengers Endgame Trailer,"cant believe 6 years ago, this movie brought the whole world together for a few days.",cant believe  years ago this movie brought the whole world together for a few days,cant believe year ago movie brought whole world together day
155,TcMBFSGVi1c,Avengers Endgame Trailer,"11th January 2026
11 months and 6 days to Doomsday","th january 
 months and  days to doomsday",th january month day doomsday
156,TcMBFSGVi1c,Avengers Endgame Trailer,Doctor Doom is under disguise as iron man huh,doctor doom is under disguise as iron man huh,doctor doom disguise iron man huh
157,TcMBFSGVi1c,Avengers Endgame Trailer,Still gives me goosebumps,still gives me goosebumps,still give goosebump
158,TcMBFSGVi1c,Avengers Endgame Trailer,I'm watching this 6 years Later and  it's giving ai generated trailer,i am watching this  years later and  it is giving ai generated trailer,watching year later giving ai generated trailer
159,TcMBFSGVi1c,Avengers Endgame Trailer,"10th January 2026
11 months and 7 days to Doomsday","th january 
 months and  days to doomsday",th january month day doomsday
160,TcMBFSGVi1c,Avengers Endgame Trailer,Only two Avengers films left,only two avengers films left,two avenger film left
161,TcMBFSGVi1c,Avengers Endgame Trailer,Anyone in 2026 ?,anyone in  ,anyone
162,TcMBFSGVi1c,Avengers Endgame Trailer,"BTW no footage for, Thanks 😂",btw no footage for thanks ,btw no footage thanks
163,TcMBFSGVi1c,Avengers Endgame Trailer,I don’t know how Doomsday will live up to this hype,i dont know how doomsday will live up to this hype,dont know doomsday live hype
164,TcMBFSGVi1c,Avengers Endgame Trailer,Anybody here january 2026?,anybody here january ,anybody january
165,TcMBFSGVi1c,Avengers Endgame Trailer,Now how do you have doomsday without him 🥺🕊️,now how do you have doomsday without him ,doomsday without
166,TcMBFSGVi1c,Avengers Endgame Trailer,It’s been 6 years..,its been  years,year
167,TcMBFSGVi1c,Avengers Endgame Trailer,"Please save us back, our *Avengers,* whatever it takes…

• Captain America // Steve Rogers 🇺🇸 *[Chris Evans]*
• Iron Man // Tony Stark 🤖 *[Robert Downey Jr.]*
• The Hulk // Bruce Banner 👊 *[Mark Ruffalo]*
• Thor Odinson ⚡️ *[Chris Hemsworth]*
• Black Widow // Natasha Romanoff 💥 *[Scarlett Johansson]*
• Hawkeye // Clint Barton 🏹 *[Jeremy Renner]*
• War Machine // James Rhodes 🤖 *[Don Cheadle]*
• Ant-Man // Scott Lang 🐜 *[Paul Rudd]*
• Captain Marvel // Carol Danvers 💫 *[Brie Larson]*
• Nebula 🔵 *[Karen Gillan]*
• Rocket 🦝 *[Bradley Cooper]*
• Okoye ⚔️ *[Danai Gurira]*


*Our villain undefeated until now:*
• Thanos 🫰 *[Josh Brolin]*","please save us back our avengers whatever it takes

 captain america  steve rogers  chris evans
 iron man  tony stark  robert downey jr
 the hulk  bruce banner  mark ruffalo
 thor odinson  chris hemsworth
 black widow  natasha romanoff  scarlett johansson
 hawkeye  clint barton  jeremy renner
 war machine  james rhodes  don cheadle
 antman  scott lang  paul rudd
 captain marvel  carol danvers  brie larson
 nebula  karen gillan
 rocket  bradley cooper
 okoye  danai gurira


our villain undefeated until now
 thanos  josh brolin",please save u back avenger whatever take captain america steve rogers chris evans iron man tony stark robert downey jr hulk bruce banner mark ruffalo thor odinson chris hemsworth black widow natasha romanoff scarlett johansson hawkeye clint barton jeremy renner war machine james rhodes cheadle antman scott lang paul rudd captain marvel carol danvers brie larson nebula karen gillan rocket bradley cooper okoye danai gurira villain undefeated thanos josh brolin
168,TcMBFSGVi1c,Avengers Endgame Trailer,Endgame trailer in MY explore page??? Thank the heavens my algorithm is getting better lol,endgame trailer in my explore page thank the heavens my algorithm is getting better lol,endgame trailer explore page thank heaven algorithm getting better lol
169,TcMBFSGVi1c,Avengers Endgame Trailer,BniñasB,bniasb,bniasb
170,TcMBFSGVi1c,Avengers Endgame Trailer,"1:48  whatever it takes (oohhhh,ohhh) cuz I love the adrenaline in my veins",  whatever it takes oohhhhohhh cuz i love the adrenaline in my veins,whatever take oohhhhohhh cuz love adrenaline vein
171,TcMBFSGVi1c,Avengers Endgame Trailer,Doomsday,doomsday,doomsday
172,TcMBFSGVi1c,Avengers Endgame Trailer,The worst movie of MCU,the worst movie of mcu,worst movie mcu
173,TcMBFSGVi1c,Avengers Endgame Trailer,Tom Cruise as superior iron man in doomsday,tom cruise as superior iron man in doomsday,tom cruise superior iron man doomsday
174,TcMBFSGVi1c,Avengers Endgame Trailer,Anybody here January 2025?,anybody here january ,anybody january
175,TcMBFSGVi1c,Avengers Endgame Trailer,Anyone if jan 2026?,anyone if jan ,anyone jan
176,TcMBFSGVi1c,Avengers Endgame Trailer,thanos will return in doomsday,thanos will return in doomsday,thanos return doomsday
177,TcMBFSGVi1c,Avengers Endgame Trailer,9th January 2026,th january ,th january
178,TcMBFSGVi1c,Avengers Endgame Trailer,Reflex clicked into this because I can’t read,reflex clicked into this because i cant read,reflex clicked cant read
179,TcMBFSGVi1c,Avengers Endgame Trailer,Hopefully doomsday get this hype back again,hopefully doomsday get this hype back again,hopefully doomsday get hype back
180,TcMBFSGVi1c,Avengers Endgame Trailer,Anyone here from the Doomsday trailer?🙋,anyone here from the doomsday trailer,anyone doomsday trailer
181,TcMBFSGVi1c,Avengers Endgame Trailer,8th January 2026,th january ,th january
182,TcMBFSGVi1c,Avengers Endgame Trailer,Re release this movie in theatre.✨🙌😩,re release this movie in theatre,release movie theatre
183,TcMBFSGVi1c,Avengers Endgame Trailer,Los amo con mi vida entera ❤ jamás serán olvidados y serán los mejores,los amo con mi vida entera  jams sern olvidados y sern los mejores,los amo con mi vida enteron jam sern olvidados sern los mejores
184,TcMBFSGVi1c,Avengers Endgame Trailer,"Does anybody know, where in the movie is the Thor scene from 1.35 min mark in the trailer.",does anybody know where in the movie is the thor scene from  min mark in the trailer,anybody know movie thor scene min mark trailer
185,TcMBFSGVi1c,Avengers Endgame Trailer,Anyone  after the Doomsday trailer?,anyone  after the doomsday trailer,anyone doomsday trailer
186,TcMBFSGVi1c,Avengers Endgame Trailer,Days with freezing heart🥵,days with freezing heart,day freezing heart
187,TcMBFSGVi1c,Avengers Endgame Trailer,"It still gives me goosebumps...
I'm waiting for doomsday final trailer.","it still gives me goosebumps
i am waiting for doomsday final trailer",still give goosebump waiting doomsday final trailer
188,TcMBFSGVi1c,Avengers Endgame Trailer,No film will ever live up to this hype,no film will ever live up to this hype,no film ever live hype
189,TcMBFSGVi1c,Avengers Endgame Trailer,I want to go back in time to rewatch endgame when it was released,i want to go back in time to rewatch endgame when it was released,want go back time rewatch endgame released
190,TcMBFSGVi1c,Avengers Endgame Trailer,Who came here after watching (insert random Doomsday Trailer)? :D,who came here after watching insert random doomsday trailer d,came watching insert random doomsday trailer
191,TcMBFSGVi1c,Avengers Endgame Trailer,i miss tony stark.,i miss tony stark,miss tony stark
192,TcMBFSGVi1c,Avengers Endgame Trailer,I miss watching this movie,i miss watching this movie,miss watching movie
193,TcMBFSGVi1c,Avengers Endgame Trailer,Back than marvel was cooking,back than marvel was cooking,back marvel cooking
194,TcMBFSGVi1c,Avengers Endgame Trailer,Who's here After dooms day,whos here after dooms day,who doom day
195,TcMBFSGVi1c,Avengers Endgame Trailer,Whatever it takes,whatever it takes,whatever take
196,TcMBFSGVi1c,Avengers Endgame Trailer,The xmen will return in avengers doomsday,the xmen will return in avengers doomsday,xmen return avenger doomsday
197,TcMBFSGVi1c,Avengers Endgame Trailer,Who was after seeing dooms day trailer 3 X-Men,who was after seeing dooms day trailer  xmen,seeing doom day trailer xmen
198,TcMBFSGVi1c,Avengers Endgame Trailer,Who's here after the X men doomsday trailer,whos here after the x men doomsday trailer,who x men doomsday trailer
199,TcMBFSGVi1c,Avengers Endgame Trailer,Doomsday Wait,doomsday wait,doomsday wait
200,TcMBFSGVi1c,Avengers Endgame Trailer,"""I wish there was a way to know you're in the good old days before you've actually left them""",i wish there was a way to know youre in the good old days before youve actually left them,wish way know youre good old day youve actually left
